{
  "stopblind": {
    "precision": 0.7777777777777778,
    "recall": 0.6363636363636364,
    "f1-score": 0.7000000000000001,
    "support": 11,
    "confused_with": {
      "downfewblind": 2,
      "upblind": 1
    }
  },
  "downfewblind": {
    "precision": 0.42857142857142855,
    "recall": 0.75,
    "f1-score": 0.5454545454545454,
    "support": 8,
    "confused_with": {
      "downblind": 1,
      "stopblind": 1
    }
  },
  "afirmation": {
    "precision": 0.6666666666666666,
    "recall": 0.75,
    "f1-score": 0.7058823529411765,
    "support": 16,
    "confused_with": {
      "negation": 2,
      "greet": 1
    }
  },
  "stateengineblind": {
    "precision": 0.4,
    "recall": 0.5714285714285714,
    "f1-score": 0.47058823529411764,
    "support": 7,
    "confused_with": {
      "getstateblind": 2,
      "statetv": 1
    }
  },
  "runskype": {
    "precision": 1.0,
    "recall": 1.0,
    "f1-score": 1.0,
    "support": 10,
    "confused_with": {}
  },
  "greet": {
    "precision": 0.8181818181818182,
    "recall": 0.5294117647058824,
    "f1-score": 0.6428571428571428,
    "support": 17,
    "confused_with": {
      "afirmation": 2,
      "goodbye": 2
    }
  },
  "downvolumen": {
    "precision": 0.8666666666666667,
    "recall": 0.8666666666666667,
    "f1-score": 0.8666666666666667,
    "support": 15,
    "confused_with": {
      "upvolumen": 1,
      "turnonspeakers": 1
    }
  },
  "downblind": {
    "precision": 0.6666666666666666,
    "recall": 0.5,
    "f1-score": 0.5714285714285715,
    "support": 12,
    "confused_with": {
      "downfewblind": 4,
      "getstateblind": 1
    }
  },
  "upfewblind": {
    "precision": 0.75,
    "recall": 0.42857142857142855,
    "f1-score": 0.5454545454545454,
    "support": 7,
    "confused_with": {
      "downfewblind": 2,
      "upblind": 1
    }
  },
  "getvolumen": {
    "precision": 1.0,
    "recall": 0.8125,
    "f1-score": 0.896551724137931,
    "support": 16,
    "confused_with": {
      "upvolumen": 1,
      "turnontv": 1
    }
  },
  "turnonspeakers": {
    "precision": 0.8666666666666667,
    "recall": 0.9285714285714286,
    "f1-score": 0.896551724137931,
    "support": 14,
    "confused_with": {
      "turnonlights": 1
    }
  },
  "turnonlights": {
    "precision": 0.9230769230769231,
    "recall": 0.8888888888888888,
    "f1-score": 0.9056603773584906,
    "support": 27,
    "confused_with": {
      "turnofflights": 2,
      "turnonspeakers": 1
    }
  },
  "upblind": {
    "precision": 0.6666666666666666,
    "recall": 0.6666666666666666,
    "f1-score": 0.6666666666666666,
    "support": 9,
    "confused_with": {
      "downblind": 2,
      "getstateblind": 1
    }
  },
  "statetv": {
    "precision": 0.8888888888888888,
    "recall": 0.8888888888888888,
    "f1-score": 0.8888888888888888,
    "support": 27,
    "confused_with": {
      "stateengineblind": 2,
      "turnofftv": 1
    }
  },
  "negation": {
    "precision": 0.5,
    "recall": 0.5,
    "f1-score": 0.5,
    "support": 6,
    "confused_with": {
      "afirmation": 2,
      "turnofftv": 1
    }
  },
  "runfirefox": {
    "precision": 1.0,
    "recall": 1.0,
    "f1-score": 1.0,
    "support": 10,
    "confused_with": {}
  },
  "turnontv": {
    "precision": 0.9565217391304348,
    "recall": 1.0,
    "f1-score": 0.9777777777777777,
    "support": 44,
    "confused_with": {}
  },
  "turnofftv": {
    "precision": 0.90625,
    "recall": 1.0,
    "f1-score": 0.9508196721311475,
    "support": 29,
    "confused_with": {}
  },
  "turnofflights": {
    "precision": 0.88,
    "recall": 0.88,
    "f1-score": 0.88,
    "support": 25,
    "confused_with": {
      "turnonlights": 1,
      "stopblind": 1
    }
  },
  "upvolumen": {
    "precision": 0.8947368421052632,
    "recall": 1.0,
    "f1-score": 0.9444444444444444,
    "support": 17,
    "confused_with": {}
  },
  "goodbye": {
    "precision": 0.6,
    "recall": 0.2727272727272727,
    "f1-score": 0.37499999999999994,
    "support": 11,
    "confused_with": {
      "afirmation": 2,
      "downvolumen": 2
    }
  },
  "searchyoutube": {
    "precision": 0.8,
    "recall": 1.0,
    "f1-score": 0.888888888888889,
    "support": 8,
    "confused_with": {}
  },
  "rungoogle": {
    "precision": 0.9230769230769231,
    "recall": 0.9230769230769231,
    "f1-score": 0.9230769230769231,
    "support": 13,
    "confused_with": {
      "upfewblind": 1
    }
  },
  "search": {
    "precision": 0.8888888888888888,
    "recall": 0.8888888888888888,
    "f1-score": 0.8888888888888888,
    "support": 9,
    "confused_with": {
      "searchyoutube": 1
    }
  },
  "getstateblind": {
    "precision": 0.5714285714285714,
    "recall": 0.7272727272727273,
    "f1-score": 0.64,
    "support": 11,
    "confused_with": {
      "stateengineblind": 2,
      "upblind": 1
    }
  },
  "accuracy": 0.8284960422163589,
  "macro avg": {
    "precision": 0.7856293253784101,
    "recall": 0.7763969501087147,
    "f1-score": 0.7708619214597898,
    "support": 379
  },
  "weighted avg": {
    "precision": 0.8351734615818937,
    "recall": 0.8284960422163589,
    "f1-score": 0.8246248260030593,
    "support": 379
  }
}